{
  "timestamp": "2026-02-21T19:43:33.071Z",
  "config": {
    "center": {
      "lat": -31.9505,
      "lng": 115.8605
    },
    "radius": 3000,
    "keyword": "plastic surgery|cosmetic clinic",
    "type": "doctor",
    "targetCount": 50,
    "gridSteps": 2
  },
  "count": 49,
  "results": [
    {
      "name": "Dr Edward Van Beem",
      "phone": "+61 8 9226 3222",
      "website_url": "http://www.evb.com.au/",
      "address": "10/140 Mounts Bay Rd, Perth WA 6000, Australien",
      "place_id": "ChIJA1kJ9CmlMioR5eYml2lKoyo",
      "rating": 4.5,
      "user_ratings_total": 21,
      "maps_url": "https://maps.google.com/?cid=3072381188164740837",
      "business_status": "OPERATIONAL"
    },
    {
      "name": "Rodin Clinic Perth",
      "phone": "+61 8 9389 9522",
      "website_url": "https://www.rodinclinicperth.com.au/",
      "address": "44/85 Monash Ave, Nedlands WA 6009, Australien",
      "place_id": "ChIJsUc_p_6kMioRPi1uD_7xAco",
      "rating": 5,
      "user_ratings_total": 108,
      "maps_url": "https://maps.google.com/?cid=14556181544121019710",
      "business_status": "OPERATIONAL"
    },
    {
      "name": "Hanh Nguyen",
      "phone": "+61 8 6389 1322",
      "website_url": "",
      "address": "180 Stirling Hwy, Nedlands WA 6009, Australien",
      "place_id": "ChIJQSwAZEWkMioRbtPIokD6RyI",
      "rating": 5,
      "user_ratings_total": 2,
      "maps_url": "https://maps.google.com/?cid=2470218076151927662",
      "business_status": "OPERATIONAL"
    },
    {
      "name": "Dr Adrian Brooks",
      "phone": "+61 8 6389 1322",
      "website_url": "",
      "address": "180 Stirling Hwy, Nedlands WA 6009, Australien",
      "place_id": "ChIJQSwAZEWkMioRv6rCvv0LUzk",
      "rating": 5,
      "user_ratings_total": 2,
      "maps_url": "https://maps.google.com/?cid=4130658467683936959",
      "business_status": "OPERATIONAL"
    },
    {
      "name": "Dr Peter Randle Plastic Surgeon Perth",
      "phone": "+61 8 9386 2499",
      "website_url": "https://drprandle.com.au/",
      "address": "61/85 Monash Ave, Nedlands WA 6009, Australien",
      "place_id": "ChIJP-bTEfykMioRWIavxSWNjug",
      "rating": 4.7,
      "user_ratings_total": 67,
      "maps_url": "https://maps.google.com/?cid=16757486456862115416",
      "business_status": "OPERATIONAL"
    },
    {
      "name": "Argera Cosmetic Medical Centre",
      "phone": "+61 8 9301 4244",
      "website_url": "http://argera.com.au/",
      "address": "3/135 Royal St, East Perth WA 6004, Australien",
      "place_id": "ChIJeeEXeSC7MioRoIjjxiOZv58",
      "rating": 4,
      "user_ratings_total": 1,
      "maps_url": "https://maps.google.com/?cid=11511087551521982624",
      "business_status": "OPERATIONAL"
    },
    {
      "name": "Dr Kee Lee Tan",
      "phone": "+61 8 9225 4728",
      "website_url": "http://www.rejuvenateclinic.com.au/",
      "address": "75/20 Royal St, East Perth WA 6004, Australien",
      "place_id": "ChIJKY66SB67MioR_kIXRRCCJew",
      "rating": 5,
      "user_ratings_total": 1,
      "maps_url": "https://maps.google.com/?cid=17016149773479527166",
      "business_status": "OPERATIONAL"
    },
    {
      "name": "South Perth Plastic Surgery",
      "phone": "+61 8 9368 1666",
      "website_url": "",
      "address": "6/77 South Terrace, Como WA 6152, Australien",
      "place_id": "ChIJwbKbaFC7MioRNNH-IgDv1gE",
      "rating": 4.1,
      "user_ratings_total": 13,
      "maps_url": "https://maps.google.com/?cid=132556022920171828",
      "business_status": "OPERATIONAL"
    },
    {
      "name": "Western Australian Plastic Surgery Centre",
      "phone": "+61 8 9380 0333",
      "website_url": "https://www.plasticsurgerycentre.com.au/?utm_source=google&utm_medium=local&utm_campaign=gmb&utm_term=subiaco&utm_content=website",
      "address": "St John of God Medical Centre, Suite 215/25 McCourt St, Leederville WA 6008, Australien",
      "place_id": "ChIJdZ-2ThWlMioR_W7UvSKnvQE",
      "rating": 4.8,
      "user_ratings_total": 17,
      "maps_url": "https://maps.google.com/?cid=125440132291784445",
      "business_status": "OPERATIONAL"
    },
    {
      "name": "Dr. Guy Watts Plastic Surgeon",
      "phone": "+61 8 9286 1600",
      "website_url": "http://guywattsplasticsurgeon.com.au/",
      "address": "8 Ventnor Ave, West Perth WA 6005, Australien",
      "place_id": "ChIJ9XtlJTCkMioRVGWY0lznz64",
      "rating": 5,
      "user_ratings_total": 171,
      "maps_url": "https://maps.google.com/?cid=12596541068634776916",
      "business_status": "OPERATIONAL"
    },
    {
      "name": "Dr Nathan Stewart",
      "phone": "+61 8 6373 0116",
      "website_url": "http://www.drnathanstewart.com.au/",
      "address": "Level 1/51 Colin St, West Perth WA 6005, Australien",
      "place_id": "ChIJlUtgLRWlMioRHgH3JIEZwz8",
      "rating": 5,
      "user_ratings_total": 40,
      "maps_url": "https://maps.google.com/?cid=4594544087309680926",
      "business_status": "OPERATIONAL"
    },
    {
      "name": "Dr Vij Vijayasekaran - Specialist Plastic Surgeon",
      "phone": "+61 8 9380 0366",
      "website_url": "https://www.plasticsurgerycentre.com.au/",
      "address": "Suite 215, St John of God Medical Centre, 25 McCourt St, Subiaco WA 6008, Australien",
      "place_id": "ChIJdZ-2ThWlMioRvZWWljIcsvA",
      "rating": 4.6,
      "user_ratings_total": 22,
      "maps_url": "https://maps.google.com/?cid=17343956118557595069",
      "business_status": "OPERATIONAL"
    },
    {
      "name": "Dr David Colbert - Perth Plastic Surgeon",
      "phone": "+61 8 6478 9920",
      "website_url": "https://davidcolbert.com.au/",
      "address": "Suite 12/2 McCourt St, West Leederville WA 6007, Australien",
      "place_id": "ChIJU1XxhRalMioRN3B3t9fomUM",
      "rating": 5,
      "user_ratings_total": 134,
      "maps_url": "https://maps.google.com/?cid=4871180485171572791",
      "business_status": "OPERATIONAL"
    },
    {
      "name": "CosMedicWest",
      "phone": "+61 8 9228 2188",
      "website_url": "https://cosmetic-surgery.com.au/",
      "address": "369 Bulwer St, West Perth WA 6005, Australien",
      "place_id": "ChIJ6Wr67ymlMioRxA3ME05W9JM",
      "rating": 4.9,
      "user_ratings_total": 23,
      "maps_url": "https://maps.google.com/?cid=10661241111232384452",
      "business_status": "OPERATIONAL"
    },
    {
      "name": "Dr Rohan Page - Specialist Plastic Surgeon",
      "phone": "+61 8 9380 0388",
      "website_url": "https://drpage.com.au/",
      "address": "St John of God Medical Centre, Suite 215/25 McCourt St, Subiaco WA 6008, Australien",
      "place_id": "ChIJdZ-2ThWlMioROlfafRXgT9U",
      "rating": 5,
      "user_ratings_total": 4,
      "maps_url": "https://maps.google.com/?cid=15370750436149188410",
      "business_status": "OPERATIONAL"
    },
    {
      "name": "Dr Linda Monshizadeh Plastic Surgeon Perth",
      "phone": "+61 8 9321 2879",
      "website_url": "https://artunismedicalgroup.com/",
      "address": "14 Walker Ave, West Perth WA 6005, Australien",
      "place_id": "ChIJwfjPCvWlMioRSOu9W5w_uCw",
      "rating": 5,
      "user_ratings_total": 21,
      "maps_url": "https://maps.google.com/?cid=3222395474170211144",
      "business_status": "OPERATIONAL"
    },
    {
      "name": "Assure Cosmetic Centre",
      "phone": "+61 8 9380 0380",
      "website_url": "https://www.assurecosmeticcentre.com.au/?utm_source=google&utm_medium=local&utm_campaign=gmb&utm_content=website",
      "address": "St John of God Medical Centre, Suite 216/25 McCourt St, Subiaco WA 6008, Australien",
      "place_id": "ChIJdZ-2ThWlMioRUApAoYDHXLE",
      "rating": 4.8,
      "user_ratings_total": 39,
      "maps_url": "https://maps.google.com/?cid=12780309197845695056",
      "business_status": "OPERATIONAL"
    },
    {
      "name": "Sam Cunneen Plastic Surgeon",
      "phone": "+61 8 9322 6282",
      "website_url": "http://samcunneen.com.au/",
      "address": "35 Colin St, West Perth WA 6005, Australien",
      "place_id": "ChIJ3ful9y-lMioRbRNroxw31VU",
      "rating": 4.9,
      "user_ratings_total": 125,
      "maps_url": "https://maps.google.com/?cid=6184910259403559789",
      "business_status": "OPERATIONAL"
    },
    {
      "name": "Dr Adrian Brooks",
      "phone": "+61 8 6115 0222",
      "website_url": "https://www.dradrianbrooks.com.au/",
      "address": "48 Ventnor Ave, West Perth WA 6005, Australien",
      "place_id": "ChIJw16OLJW7MioRraeCHp6x1eI",
      "rating": 4.7,
      "user_ratings_total": 52,
      "maps_url": "https://maps.google.com/?cid=16345165715285911469",
      "business_status": "OPERATIONAL"
    },
    {
      "name": "Dr Mark Hanikeri - Specialist Plastic Surgeon",
      "phone": "+61 8 9380 0311",
      "website_url": "https://markhanikeri.com/?UTM_medium=organic&UTM_source=GMB",
      "address": "St John of God Medical Centre, Suite 215/25 McCourt St, Subiaco WA 6008, Australien",
      "place_id": "ChIJdZ-2ThWlMioRwFIeOpuGqWg",
      "rating": 4.8,
      "user_ratings_total": 76,
      "maps_url": "https://maps.google.com/?cid=7541707052261724864",
      "business_status": "OPERATIONAL"
    },
    {
      "name": "Dr Brigid Corrigan - Specialist Plastic Surgeon",
      "phone": "+61 8 9380 0355",
      "website_url": "https://www.plasticsurgerycentre.com.au/",
      "address": "Suite 215, St John of God Medical Centre, 25 McCourt St, Subiaco WA 6008, Australien",
      "place_id": "ChIJdZ-2ThWlMioRbJ8O__4TZT8",
      "rating": 4.3,
      "user_ratings_total": 6,
      "maps_url": "https://maps.google.com/?cid=4568079382959005548",
      "business_status": "OPERATIONAL"
    },
    {
      "name": "Dr Anthony Williams - Specialist Plastic Surgeon",
      "phone": "+61 8 9380 0344",
      "website_url": "https://dranthonywilliams.com.au/",
      "address": "St John of God Medical Centre, Suite 215/25 McCourt St, Subiaco WA 6008, Australien",
      "place_id": "ChIJdZ-2ThWlMioRFChcKHs155U",
      "rating": 4.4,
      "user_ratings_total": 7,
      "maps_url": "https://maps.google.com/?cid=10801661034345801748",
      "business_status": "OPERATIONAL"
    },
    {
      "name": "Perth Facial Plastic and Cosmetic Surgery",
      "phone": "+61 8 9380 4488",
      "website_url": "https://www.perthcosmeticsurgery.com.au/?utm_source=local&utm_medium=organic&utm_campaign=gmb",
      "address": "136 Churchill Ave, Subiaco WA 6008, Australien",
      "place_id": "ChIJMQ9whi-lMioRPNcoQom1roA",
      "rating": 3.6,
      "user_ratings_total": 34,
      "maps_url": "https://maps.google.com/?cid=9272548283927549756",
      "business_status": "OPERATIONAL"
    },
    {
      "name": "Dr Bernard Luczak - Specialist Plastic Surgeon",
      "phone": "+61 8 9380 0340",
      "website_url": "http://www.drbernie.com.au/",
      "address": "St John of God Medical Centre, Suite 215/25 McCourt St, Subiaco WA 6008, Australien",
      "place_id": "ChIJEZj7_VelMioRYDMlNnoXdUY",
      "rating": 5,
      "user_ratings_total": 4,
      "maps_url": "https://maps.google.com/?cid=5076989968591958880",
      "business_status": "OPERATIONAL"
    },
    {
      "name": "Academy Face and Body",
      "phone": "+61 8 9382 4800",
      "website_url": "http://www.academyfaceandbody.com.au/",
      "address": "1A/1 Roydhouse St, Subiaco WA 6008, Australien",
      "place_id": "ChIJqSx7qhSlMioR0ZhdzrvVXcU",
      "rating": 4.8,
      "user_ratings_total": 76,
      "maps_url": "https://maps.google.com/?cid=14221758200903735505",
      "business_status": "OPERATIONAL"
    },
    {
      "name": "Wysun Wong",
      "phone": "+61 8 9388 7766",
      "website_url": "http://www.wysunwongplasticsurgery.com.au/",
      "address": "316 Churchill Ave, Subiaco WA 6008, Australien",
      "place_id": "ChIJZ51pymqlMioRELNnExDUiQE",
      "rating": 4.5,
      "user_ratings_total": 11,
      "maps_url": "https://maps.google.com/?cid=110852831357416208",
      "business_status": "OPERATIONAL"
    },
    {
      "name": "Dr Lip Teh",
      "phone": "+61 8 6166 3712",
      "website_url": "http://lipteh.com.au/",
      "address": "106 Outram St, West Perth WA 6005, Australien",
      "place_id": "ChIJdZ-2ThWlMioR6uCdtwZorDk",
      "rating": 5,
      "user_ratings_total": 6,
      "maps_url": "https://maps.google.com/?cid=4155810934215794922",
      "business_status": "OPERATIONAL"
    },
    {
      "name": "Dr Ian Timms",
      "phone": "+61 8 9381 3288",
      "website_url": "https://driantimms.com.au/",
      "address": "Suite 1/200 Rokeby Rd, Subiaco WA 6008, Australien",
      "place_id": "ChIJb5qvFhelMioRkvQXYUN_n3A",
      "rating": 4.6,
      "user_ratings_total": 55,
      "maps_url": "https://maps.google.com/?cid=8115344980913419410",
      "business_status": "OPERATIONAL"
    },
    {
      "name": "Dr Duncan Taylor, Plastic & Reconstructive Surgeon",
      "phone": "+61 8 9439 7406",
      "website_url": "https://www.drduncantaylor.com.au/",
      "address": "16 McCourt St, West Leederville WA 6007, Australien",
      "place_id": "ChIJo5meRMWlMioRIL79f3RE8_M",
      "rating": 4.8,
      "user_ratings_total": 16,
      "maps_url": "https://maps.google.com/?cid=17578469037711408672",
      "business_status": "OPERATIONAL"
    },
    {
      "name": "Dr Robert Love",
      "phone": "+61 8 9321 3344",
      "website_url": "https://www.sjog.org.au/find-a-specialist/search-results/l/o/v/e/love-robert-leslie",
      "address": "17 Richardson St, West Perth WA 6005, Australien",
      "place_id": "ChIJpeWNVSWlMioRKNHWUff8HjI",
      "rating": 4.8,
      "user_ratings_total": 16,
      "maps_url": "https://maps.google.com/?cid=3611602090357870888",
      "business_status": "OPERATIONAL"
    },
    {
      "name": "Dr. Lewis Blennerhassett - Subiaco Plastic Surgery",
      "phone": "+61 8 9381 6977",
      "website_url": "https://www.subiacoplasticsurgery.com.au/",
      "address": "69 Thomas St, Subiaco WA 6008, Australien",
      "place_id": "ChIJ4S4PbTulMioR3LiFu-ynjck",
      "rating": 4.8,
      "user_ratings_total": 35,
      "maps_url": "https://maps.google.com/?cid=14523449008539941084",
      "business_status": "OPERATIONAL"
    },
    {
      "name": "Dr Alexandra O'Neill - Specialist Plastic Surgeon",
      "phone": "+61 8 9380 0311",
      "website_url": "https://www.plasticsurgerycentre.com.au/surgeons/dr-alexandra-oneill/",
      "address": "St John of God Medical Centre, Suite 215/25 McCourt St, Subiaco WA 6008, Australien",
      "place_id": "ChIJoXqyvsulMioR1TRIiI3wneo",
      "rating": 5,
      "user_ratings_total": 3,
      "maps_url": "https://maps.google.com/?cid=16905933066886198485",
      "business_status": "OPERATIONAL"
    },
    {
      "name": "West Coast Plastic Surgery – Plastic Surgeon Perth",
      "phone": "+61 8 6230 3041",
      "website_url": "https://westcoastplasticsurgery.com.au/",
      "address": "16 Thelma St, West Perth WA 6005, Australien",
      "place_id": "ChIJK8VoWSi7MioRqZ9vGPZNgLs",
      "rating": 4.8,
      "user_ratings_total": 16,
      "maps_url": "https://maps.google.com/?cid=13510884601478750121",
      "business_status": "OPERATIONAL"
    },
    {
      "name": "Dr Timothy Hewitt",
      "phone": "+61 8 9388 9222",
      "website_url": "http://www.timhewittplasticsurgeon.com.au/",
      "address": "suite 21/3 Wexford St, Subiaco WA 6008, Australien",
      "place_id": "ChIJdZ-2ThWlMioRsGi03m8F5m0",
      "rating": 4.6,
      "user_ratings_total": 40,
      "maps_url": "https://maps.google.com/?cid=7919022972813469872",
      "business_status": "OPERATIONAL"
    },
    {
      "name": "Dr Matt Jones",
      "phone": "+61 8 9380 0340",
      "website_url": "https://www.drmattjones.com.au/",
      "address": "St John of God Medical Centre, 215/25 McCourt St, Subiaco WA 6008, Australien",
      "place_id": "ChIJUw7Kf76lMioRCDNpXi__a7U",
      "rating": 5,
      "user_ratings_total": 2,
      "maps_url": "https://maps.google.com/?cid=13072822922285495048",
      "business_status": "OPERATIONAL"
    },
    {
      "name": "Dr Mark Lee - Specialist Plastic Surgeon",
      "phone": "+61 8 9382 3340",
      "website_url": "https://www.markleeplasticsurgeon.com.au/",
      "address": "Suites 21/22/3 Wexford St, Subiaco WA 6008, Australien",
      "place_id": "ChIJdZ-2ThWlMioRy_Qn436VBrw",
      "rating": 3.7,
      "user_ratings_total": 40,
      "maps_url": "https://maps.google.com/?cid=13548680901200180427",
      "business_status": "OPERATIONAL"
    },
    {
      "name": "Dr Helen Crawford - Cosmetic Clinics of Australia",
      "phone": "+61 422 878 078",
      "website_url": "https://www.cosmeticclinics.com/",
      "address": "6 Sheen St, Subiaco WA 6008, Australien",
      "place_id": "ChIJxyuukjulMioR_ri8HiEuJ3g",
      "rating": "",
      "user_ratings_total": "",
      "maps_url": "https://maps.google.com/?cid=8657939528427550974",
      "business_status": "OPERATIONAL"
    },
    {
      "name": "Dr Reuven Gurfinkel",
      "phone": "+61 8 9454 4632",
      "website_url": "http://reuvengurfinkel.com.au/",
      "address": "Unit 101/9 Salvado Rd, Subiaco WA 6008, Australien",
      "place_id": "ChIJb1WVIvykMioRwO33pxcYk4E",
      "rating": 5,
      "user_ratings_total": 8,
      "maps_url": "https://maps.google.com/?cid=9336832942350527936",
      "business_status": "OPERATIONAL"
    },
    {
      "name": "Cambridge Day Surgery",
      "phone": "+61 8 6181 9966",
      "website_url": "http://www.cambridgedaysurgery.com.au/",
      "address": "178 Cambridge St, Wembley WA 6014, Australien",
      "place_id": "ChIJH3THImulMioRf3ldfKfGcGo",
      "rating": 4.9,
      "user_ratings_total": 29,
      "maps_url": "https://maps.google.com/?cid=7669848588060293503",
      "business_status": "OPERATIONAL"
    },
    {
      "name": "Sculpt Surgery",
      "phone": "+61 439 905 144",
      "website_url": "https://www.sculptsurgery.com.au/",
      "address": "180 Stirling Hwy, Nedlands WA 6009, Australien",
      "place_id": "ChIJQSwAZEWkMioRh2AszaZrB_U",
      "rating": 3.7,
      "user_ratings_total": 3,
      "maps_url": "https://maps.google.com/?cid=17656199228280299655",
      "business_status": "OPERATIONAL"
    },
    {
      "name": "Mr James Savundra",
      "phone": "+61 8 6181 5205",
      "website_url": "https://www.sjog.org.au/find-a-specialist/search-results/s/a/v/u/savundra-james-mohan",
      "address": "8 Lyall St, South Perth WA 6151, Australien",
      "place_id": "ChIJgySXBcukMioROq3tVnhKGwI",
      "rating": 4.4,
      "user_ratings_total": 20,
      "maps_url": "https://maps.google.com/?cid=151796893161991482",
      "business_status": "OPERATIONAL"
    },
    {
      "name": "Crocker Dr Andrew",
      "phone": "+61 8 9388 1108",
      "website_url": "",
      "address": "44 Churchill Ave, Subiaco WA 6008, Australien",
      "place_id": "ChIJ157lfjulMioRZsX2VwACmRk",
      "rating": 5,
      "user_ratings_total": 3,
      "maps_url": "https://maps.google.com/?cid=1844507722883974502",
      "business_status": "OPERATIONAL"
    },
    {
      "name": "Jeremy M Rawlins FRACS(Plast)",
      "phone": "+61 8 9425 5260",
      "website_url": "http://www.jeremyrawlins.com/",
      "address": "Ellesmere Rd, Mount Lawley WA 6050, Australien",
      "place_id": "ChIJF4THHO-6MioRJs-7G6ObqZE",
      "rating": 4,
      "user_ratings_total": 18,
      "maps_url": "https://maps.google.com/?cid=10496091531410919206",
      "business_status": "OPERATIONAL"
    },
    {
      "name": "MD Cosmedical Solutions",
      "phone": "+61 1300 885 808",
      "website_url": "http://mdcosmedicalsolutions.com.au/",
      "address": "office 28b, Level 1/160 St Georges Terrace, Perth WA 6000, Australien",
      "place_id": "ChIJRRw9Stm7MioRgON1bt-lbV4",
      "rating": 3.7,
      "user_ratings_total": 3,
      "maps_url": "https://maps.google.com/?cid=6804276991076197248",
      "business_status": "OPERATIONAL"
    },
    {
      "name": "RediMed Belmont",
      "phone": "+61 1300 007 334",
      "website_url": "https://www.redimed.com.au/?utm_source=google&utm_medium=organic&utm_campaign=gbp&utm_id=belmont",
      "address": "1 Frederick St, Belmont WA 6104, Australien",
      "place_id": "ChIJGeYaOc-7MioRGvBKsXguyyM",
      "rating": 3.7,
      "user_ratings_total": 186,
      "maps_url": "https://maps.google.com/?cid=2579206307505172506",
      "business_status": "OPERATIONAL"
    },
    {
      "name": "Dr Robert Goldman",
      "phone": "+61 8 9446 4444",
      "website_url": "https://www.robertgoldman.com.au/?utm_source=gmb&utm_medium=local&utm_campaign=inbound",
      "address": "Grange House, 2/375 Charles St, North Perth WA 6006, Australien",
      "place_id": "ChIJC0yZXRWlMioRVJRrgeDSymk",
      "rating": 4.3,
      "user_ratings_total": 40,
      "maps_url": "https://maps.google.com/?cid=7623137180963804244",
      "business_status": "OPERATIONAL"
    },
    {
      "name": "Dr Mark Duncan-Smith",
      "phone": "+61 8 9228 2188",
      "website_url": "https://cosmetic-surgery.com.au/",
      "address": "369 Bulwer St, West Perth WA 6005, Australien",
      "place_id": "ChIJBSrbs8u6MioRoZ5cFstpAlo",
      "rating": 4.4,
      "user_ratings_total": 34,
      "maps_url": "https://maps.google.com/?cid=6485862734341381793",
      "business_status": "OPERATIONAL"
    },
    {
      "name": "Dr Remo Papini - Perth Plastic Surgeon",
      "phone": "+61 8 9381 3144",
      "website_url": "https://remopapini.com.au/",
      "address": "200 Rokeby Rd, Subiaco WA 6008, Australien",
      "place_id": "ChIJr29xeSOlMioR5aMpmh8I_iM",
      "rating": "",
      "user_ratings_total": "",
      "maps_url": "https://maps.google.com/?cid=2593519367235412965",
      "business_status": "OPERATIONAL"
    },
    {
      "name": "Dr Dirck Ananos - Specialist Plastic Surgeon",
      "phone": "+61 8 9380 0355",
      "website_url": "https://www.plasticsurgerycentre.com.au/surgeons/dr-dirck-ananos/",
      "address": "St John of God Medical Centre, Suite 215/25 McCourt St, Subiaco WA 6008, Australien",
      "place_id": "ChIJOzoYj3ulMioRld_n4wl4rz8",
      "rating": "",
      "user_ratings_total": "",
      "maps_url": "https://maps.google.com/?cid=4589018529187487637",
      "business_status": "OPERATIONAL"
    }
  ]
}