"name","phone","website_url","address","place_id","rating","user_ratings_total","maps_url","business_status"
"Portside Dental","+61 3 9967 6131","https://www.portsidedental.com.au/?utm_source=local&utm_medium=organic&utm_campaign=gmb&utm_term=home","342 Melbourne Rd, Newport VIC 3015, Australien","ChIJYT7y05tn1moRbu-RekiklDg","5","177","https://maps.google.com/?cid=4077064193878126446","OPERATIONAL"
"Parker Dental - Dentist Williamstown","+61 3 9397 6021","http://parkerdentalwilliamstown.com.au/","13A Douglas Parade, Williamstown VIC 3016, Australien","ChIJZRaiWehm1moR4zf-vplqKUU","4.8","107","https://maps.google.com/?cid=4983631671229036515","OPERATIONAL"
"Hobsons Bay Dental","+61 3 9391 5174","http://hobsonsbaydental.com.au/","72 Electra St, Williamstown VIC 3016, Australien","ChIJmw8odelm1moRiXo7DknmhUc","4.9","72","https://maps.google.com/?cid=5153778550041180809","OPERATIONAL"
"Bupa Dental Port Melbourne (formerly Melbourne MD)","+61 3 9452 2111","https://bupadental.com.au/port-melbourne","1/178/180 Bay St, Port Melbourne VIC 3207, Australien","ChIJY7uxCOtn1moRN_LyD4KdA_E","4.7","252","https://maps.google.com/?cid=17366897770009653815","OPERATIONAL"
"Beacon Cove Dental","+61 3 9646 1599","http://www.beaconcovedental.com.au/","256 Bay St, Port Melbourne VIC 3207, Australien","ChIJ911pvL1n1moRBbG4AT0tlfE","4.8","124","https://maps.google.com/?cid=17407869674715656453","OPERATIONAL"
"The Dental Studio Williamstown","+61 3 9118 9078","https://thedentalstudiowilliamstown.com.au/?utm_campaign=gmb","41-43 Douglas Parade, Williamstown VIC 3016, Australien","ChIJofGMgS9n1moRL8GQFxtkqPI","5","111","https://maps.google.com/?cid=17485335620788207919","OPERATIONAL"
"Diviach Dental","+61 3 9391 1114","https://www.diviachdental.com.au/","230 Blackshaws Rd, Altona North VIC 3025, Australien","ChIJVXAK09lg1moRqq7jARG6Hzw","4.8","87","https://maps.google.com/?cid=4332385948762615466","OPERATIONAL"
"Newport Family Dentist","+61 3 9399 3399","https://www.newportfamilydentist.com.au/","469/471 Melbourne Rd, Newport VIC 3015, Australien","ChIJJ2qUQyhn1moR7SKW9x81-cA","4.8","90","https://maps.google.com/?cid=13905203735897187053","OPERATIONAL"
"Newport Smiles Dental Surgery","+61 3 9399 5462","http://www.newportsmiles.com.au/","32 Mason St, Newport VIC 3015, Australien","ChIJG7-8adZm1moRTTCJLMaoROQ","4.7","40","https://maps.google.com/?cid=16448457308168073293","OPERATIONAL"
"Bay Street Dental Group","+61 3 9646 2577","https://www.dentistportmelbourne.com.au/","136 Bay St, Port Melbourne VIC 3207, Australien","ChIJ5evG5epn1moR3a8rvDjoUic","4.8","210","https://maps.google.com/?cid=2833582445942255581","OPERATIONAL"
"Creative Dentistry","+61 3 9939 9658","http://www.creativedentistry.com.au/","3/11 Beach St, Port Melbourne VIC 3207, Australien","ChIJbSUg4_Fn1moRr_V0bKTrITE","3.7","9","https://maps.google.com/?cid=3540369873516688815","OPERATIONAL"
"Bay Street Dental Group - Dr. Newstadt Gary","+61 3 9646 2577","https://www.dentistportmelbourne.com.au/doctor/dr-gary-newstadt/","136 Bay St, Port Melbourne VIC 3207, Australien","ChIJ5evG5epn1moR2hxjfIvxmWU","3.7","3","https://maps.google.com/?cid=7321148250657070298","OPERATIONAL"
"The Look Orthodontics","+61 3 9375 1600","https://thelookortho.com.au/contact-us/orthodontist-williamstown/","65 Electra St, Williamstown VIC 3016, Australien","ChIJ6yMwOetm1moRwA5f3RaaK2Q","4.9","57","https://maps.google.com/?cid=7218032250785304256","OPERATIONAL"
"Dental on Clarendon","+61 3 9690 3285","https://dentalonclarendon.com.au/?utm_source=google&utm_medium=maps&utm_id=google+maps","Suite 3/383 Clarendon St, South Melbourne VIC 3205, Australien","ChIJD2ZmRgdo1moRITLdpPtB6dU","4.9","256","https://maps.google.com/?cid=15413923748710789665","OPERATIONAL"
"Albert Park Dental","+61 3 9021 8826","https://www.albertparkdental.com.au/","15 Victoria Ave, Albert Park VIC 3206, Australien","ChIJ3bLdg-Zn1moRrd3HlApyL7I","5","55","https://maps.google.com/?cid=12839606452427939245","OPERATIONAL"
"Garden Haven Dental","+61 3 8672 7544","https://gardenhavendental.com.au/","31 Victoria Ave, Albert Park VIC 3206, Australien","ChIJ7U8GiOZn1moRO83j1R-ZtAQ","5","127","https://maps.google.com/?cid=339064233971141947","OPERATIONAL"
"Core Dental South Melbourne","+61 3 9114 7700","https://www.coredental.com.au/","87 Market St, South Melbourne VIC 3205, Australien","ChIJs49ko91n1moRnt2ysXNEp54","4.9","156","https://maps.google.com/?cid=11432181442796510622","OPERATIONAL"
"South Melbourne Dental Smiles","+61 3 9645 7888","https://www.southmelbournedentalsmiles.com.au/?utm_campaign=GMB","214 Clarendon St, South Melbourne VIC 3205, Australien","ChIJp93rlf9n1moRfLdl9gHEQ04","4.5","52","https://maps.google.com/?cid=5639566671105865596","OPERATIONAL"
"Lumi Dental","+61 3 9123 2811","http://lumidental.net.au/","91 Victoria Ave, Albert Park VIC 3206, Australien","ChIJ6SlcjQtn1moRtu2rWnxq4VE","4.9","72","https://maps.google.com/?cid=5900114069161766326","OPERATIONAL"
"Dental@Kingsway - South Melbourne","+61 3 9690 8535","https://www.dentalatkingsway.com.au/","Suite 2, Ground Floor/222 Kings Way, South Melbourne VIC 3205, Australien","ChIJG84W9M5C1moR-8wK8r9DfFI","4.8","29","https://maps.google.com/?cid=5943700099900820731","OPERATIONAL"
"Dr Adrian Dang","+61 3 9690 6388","http://www.southmelbournedental.com.au/","Unit 1/265 Park St, South Melbourne VIC 3205, Australien","ChIJOVYWuf1n1moRTflJlHmJ9XM","5","2","https://maps.google.com/?cid=8355735838927747405","OPERATIONAL"
"Dr Raymond Montag","+61 3 9690 6388","","Unit 1/265 Park St, South Melbourne VIC 3205, Australien","ChIJbX_XuP1n1moRpWmUJUG6Zjo","5","1","https://maps.google.com/?cid=4208255690790431141","OPERATIONAL"
"Dr. Avron Lapidus","+61 3 9690 6388","https://www.southmelbournedental.com.au/meet-the-team/","Unit 1/265 Park St, South Melbourne VIC 3205, Australien","ChIJbX_XuP1n1moRxnGPgJo3xow","5","1","https://maps.google.com/?cid=10143856347419996614","OPERATIONAL"
"Grey Street Dentist","+61 3 9534 4017","https://www.greystreetdentist.com.au/?utm_source=GMB&utm_medium=organic","Suite S2/18 Grey St, St Kilda VIC 3182, Australien","ChIJ1SvhUGlo1moRppls3PdsQaY","4.9","632","https://maps.google.com/?cid=11979976295593056678","OPERATIONAL"
"Parkview Dental","+61 3 9867 1818","http://www.parkviewdental.melbourne/","1/20 Commercial Rd, Melbourne VIC 3004, Australien","ChIJLzmEtxlo1moRYq9vZevR4Kg","4.3","37","https://maps.google.com/?cid=12168957002104418146","OPERATIONAL"
"StKildadentist","+61 3 9534 8611","http://www.stkildadentist.com.au/","171 Acland St, St Kilda VIC 3182, Australien","ChIJD2oS12Zo1moREWOD99znN4g","4.9","353","https://maps.google.com/?cid=9815568849108689681","OPERATIONAL"
"The Warm Smile - Dentist Melbourne","+61 3 8669 0500","https://www.thewarmsmile.com.au/?utm_source=google_profile&utm_campaign=localo&utm_medium=mainlink","Ground Floor/441 St Kilda Rd, Melbourne VIC 3004, Australien","ChIJJVGXZ2xp1moRRPo8sK0hH3o","5","196","https://maps.google.com/?cid=8799789226775083588","OPERATIONAL"
"Q1 Dental","+61 3 9078 1955","https://q1dental.com.au/","137/1 Queens Rd, Melbourne VIC 3004, Australien","ChIJYz-8FR1o1moRtQ9DAka17I4","4.3","23","https://maps.google.com/?cid=10298805760179769269","OPERATIONAL"
"Melbourne Dentist","+61 3 9867 1252","http://www.melbournedentist.com/","517 St Kilda Rd, Melbourne VIC 3004, Australien","ChIJJeyLGBxo1moRgr1Z4bv1yHs","4.9","87","https://maps.google.com/?cid=8919649249295711618","OPERATIONAL"
"Enhance Dental","+61 3 9533 8488","https://enhancedental.com/?utm_source=Google&utm_medium=Organic&utm_campaign=GMB","219, Level 2/566 St Kilda Rd, Melbourne VIC 3004, Australien","ChIJe2-oZhdo1moRthreI6URYGo","5","173","https://maps.google.com/?cid=7665145966753618614","OPERATIONAL"
"ST KILDA SMILES","+61 3 9534 2631","http://stkildasmiles.com.au/","STKILDASMILES/209 Barkly St, St Kilda VIC 3182, Australien","ChIJ3cjlImdo1moRLrcwxQKdXOI","5","28","https://maps.google.com/?cid=16311084585652893486","OPERATIONAL"
"Complete Dental Care","+61 3 9866 1171","http://cdc.net.au/","468 St Kilda Rd, Melbourne VIC 3004, Australien","ChIJT86A8hto1moRzYRalOWeMa0","4.7","37","https://maps.google.com/?cid=12479930751294014669","OPERATIONAL"
"Elwood Dentocare","+61 3 9531 2004","https://www.elwooddentocare.com.au/","Level 1/61 Brighton Rd, Elwood VIC 3184, Australien","ChIJlwH-KeVp1moRA3wsAu23vOw","5","121","https://maps.google.com/?cid=17058711717144198147","OPERATIONAL"
"Dr Joseph Paino","+61 3 9533 8488","http://www.enhancedental.com/","566 St Kilda Rd, Melbourne VIC 3004, Australien","ChIJe2-oZhdo1moR9MucPFWj6eA","5","17","https://maps.google.com/?cid=16206664320553896948","OPERATIONAL"
"Dentistry in Elwood","+61 3 9531 0011","https://dentistryinelwood.com.au/","65 Glen Huntly Rd, Elwood VIC 3184, Australien","ChIJgWfe2Ixo1moRQr4QoQP2Seg","4.9","50","https://maps.google.com/?cid=16738179985546722882","OPERATIONAL"
"Bupa Dental South Melbourne","+61 3 9828 3888","https://www.bupadental.com.au/find-a-dentist/vic-melbourne-3004-au/bupa-dental-south-melbourne","6/37-39 Albert Rd, Melbourne VIC 3004, Australien","ChIJ7RSdsAJo1moRW0B1PbGENPE","3.9","169","https://maps.google.com/?cid=17380662758704758875","OPERATIONAL"
"Elwood Dental Group","+61 3 9531 6387","https://www.elwooddental.com.au/","163 Ormond Rd, Elwood VIC 3184, Australien","ChIJS3PX8fFo1moRH4XlK-GE0DE","4.8","98","https://maps.google.com/?cid=3589515005653255455","OPERATIONAL"
"Domain Dental:Dr Bruno Cataldo","+61 3 9867 1922","http://domaindental.com.au/","366 Punt Rd, South Yarra VIC 3141, Australien","ChIJqzaVAKFC1moRaDUSbyhU1oI","5","22","https://maps.google.com/?cid=9427815402585601384","OPERATIONAL"
"Dr. Philip Papa","+61 3 9867 7060","","7/517 St Kilda Rd, Melbourne VIC 3004, Australien","ChIJZ-AWvhlo1moRoozecOlyGrw","4.9","14","https://maps.google.com/?cid=13554272375471508642","OPERATIONAL"
"Dr David Treherne","+61 3 9867 1252","https://www.melbournedentist.com/","517 St Kilda Rd, Melbourne VIC 3004, Australien","ChIJZ-AWvhlo1moRriM8Pv7qv34","5","8","https://maps.google.com/?cid=9133276947017376686","OPERATIONAL"
"Park Street Dental","+61 3 9690 8132","http://www.parkstreet.dental/","68 Park St, South Melbourne VIC 3205, Australien","ChIJD_ii16lC1moRF9TVLtRQtF8","4.7","40","https://maps.google.com/?cid=6896225801660126231","OPERATIONAL"
"The Dental Co. Prahran","+61 3 8338 1490","http://www.thedentalcompany.com.au/?utm_campaign=gmb","2/6-10 Chapel St, Windsor VIC 3181, Australien","ChIJhWertjlo1moRhK7WMIH3__c","5","283","https://maps.google.com/?cid=17870273980671635076","OPERATIONAL"
"Dental Care St Kilda","+61 3 9534 6414","https://www.dentalcarestkilda.com.au/","202 Carlisle St, Balaclava VIC 3183, Australien","ChIJv_dq0ERo1moR-1X93cssJfc","4.6","201","https://maps.google.com/?cid=17808689555620845051","OPERATIONAL"
"Dental Art St Kilda","+61 3 9527 2273","https://www.dentalart.com.au/","281 Orrong Rd, St Kilda East VIC 3183, Australien","ChIJPbN-urVp1moRG4VXv5_MNpA","4.9","366","https://maps.google.com/?cid=10391718176686048539","OPERATIONAL"
"Martin Street Dentists","+61 3 9596 4000","http://www.martinstreetdentists.com.au/","141 Martin St, Brighton VIC 3186, Australien","ChIJD2gzl-Fo1moRjx7vleHBeoc","4.9","81","https://maps.google.com/?cid=9762328316906249871","OPERATIONAL"
"Insight Dental","+61 3 9523 9419","https://www.insightdentalcare.com.au/","84 Glen Eira Rd, Ripponlea VIC 3185, Australien","ChIJF29v7MNp1moRHi6X-s8GNOY","5","4","https://maps.google.com/?cid=16587890817844588062","OPERATIONAL"
"Capital Dental Care - Dentist St Kilda | Dental Implants | Teeth Whitening | Melbourne","+61 3 9533 7094","https://www.capitaldentalcare.com.au/?utm_source=Gmb+&utm_medium=Gmb&utm_campaign=Gmb","248 Dandenong Rd, St Kilda East VIC 3183, Australien","ChIJyVzkxlNp1moR8exrL1sEQlE","4.9","138","https://maps.google.com/?cid=5855247255219203313","OPERATIONAL"
"All Smiles Dental Studio South Yarra - Emergency Dental Services 24 x 7 on Call","+61 451 458 830","https://www.allsmilesdental.com.au/","Shop 1 & 2, 102/108 Toorak Rd, South Yarra VIC 3141, Australien","ChIJl1axFKRD1moR1A6EbpHbzRs","4.3","6","https://maps.google.com/?cid=2003498826920627924","OPERATIONAL"
"Prahran Family Dental","+61 3 9533 2288","http://www.prahrandentist.com.au/","7/168-180 Commercial Rd, Prahran VIC 3181, Australien","ChIJG2gOxiVo1moRZNS3NvMZBC8","5","41","https://maps.google.com/?cid=3387861352075220068","OPERATIONAL"
"Care Family Dental Toorak","+61 3 9826 3633","https://www.carefamilydental.com.au/?utm_source=google&utm_medium=organic_gmb&utm_content=main_button&utm_campaign=gmb","17a/459 Toorak Rd, Toorak VIC 3142, Australien","ChIJb5OwS3xC1moRDkv365Eb1gY","5","68","https://maps.google.com/?cid=492611522786708238","OPERATIONAL"
"Dental off Chapel","+61 3 9510 5198","https://dentaloffchapel.com/","6 Chatham St, Prahran VIC 3181, Australien","ChIJGU05EiVo1moRvPSr4dfiAuQ","4.9","123","https://maps.google.com/?cid=16429943807432979644","OPERATIONAL"
"South Yarra Dental Group","+61 3 9827 3314","https://sydg.com.au/","207 Williams Rd, South Yarra VIC 3141, Australien","ChIJY2k4lypo1moRtsRyyiUDe0M","4.9","212","https://maps.google.com/?cid=4862483683521774774","OPERATIONAL"
"The Dentists South Yarra","+61 3 9826 9511","https://www.thedentists.com.au/","499 Malvern Rd, South Yarra VIC 3141, Australien","ChIJS5RG_CVo1moRreJAWLXdJXE","4.8","52","https://maps.google.com/?cid=8153166471363617453","OPERATIONAL"
"Bond Street Dental South Yarra","+61 1300 266 378","https://www.bondstreetdental.com.au/","6 Bond St, South Yarra VIC 3141, Australien","ChIJMY16toJC1moRgpIzrniQyX0","4.7","127","https://maps.google.com/?cid=9063934573052924546","OPERATIONAL"
"Lifetime Dental","+61 3 9510 1644","https://www.lifetimedental.com.au/?utm_source=local&utm_medium=organic&utm_campaign=gmb&utm_term=home","684 Malvern Rd, Prahran VIC 3181, Australien","ChIJx7NQyNJp1moRwVUc6FPDiqs","4.7","180","https://maps.google.com/?cid=12360906892415620545","OPERATIONAL"
"Dr Helen's Dental & Implant Studio","+61 3 9510 5597","https://www.drhelen.com.au/","Unit 1a/605 High St, Prahran VIC 3181, Australien","ChIJIcG8stNp1moRaj_ZjEoE_As","4.9","203","https://maps.google.com/?cid=863569946785431402","OPERATIONAL"
"Elwood Family Dentist","+61 3 9531 8095","https://elwoodfamilydentist.com.au/","87 Brighton Rd, Elwood VIC 3184, Australien","ChIJ-_XY4Vto1moRs0dA_FzcGGk","4.7","57","https://maps.google.com/?cid=7573045065350662067","OPERATIONAL"
"DR Dental South Yarra","+61 3 9826 2146","https://drdental.com.au/","Suite G3/657 Chapel St, South Yarra VIC 3141, Australien","ChIJB6eA9ZJD1moR-nDt_WUK5BY","4.9","22","https://maps.google.com/?cid=1649454796692615418","OPERATIONAL"
"Balaclava Dental Care","+61 3 9527 7278","https://www.balaclavadentalcare.com.au/","322 Carlisle St, St Kilda East VIC 3183, Australien","ChIJ77isv09o1moRF_EHk410Nm8","4.8","211","https://maps.google.com/?cid=8013720738358358295","OPERATIONAL"
"Signature Dentistry","+61 3 9826 1338","https://signaturedentistry.com.au/?utm_medium=local&utm_source=gmb","1A Grange Rd, Toorak VIC 3142, Australien","ChIJnwcAeXxC1moR8tYfQmwfFRM","4.9","74","https://maps.google.com/?cid=1375039811057866482","OPERATIONAL"
"Chapel Gate Dental","+61 3 9531 3742","https://www.chapelgatedental.com/?utm_source=google&utm_medium=GMB&utm_campaign=GMB","level 1/118 Chapel St, St Kilda VIC 3182, Australien","ChIJ8alGM1to1moRTTUj1l-8DZ4","4.9","509","https://maps.google.com/?cid=11388966152490399053","OPERATIONAL"
"The Melbourne Smile Centre","+61 3 9824 7722","http://www.themelbournesmilecentre.com.au/","1007 Malvern Rd, Toorak VIC 3142, Australien","ChIJyYpA4XVC1moRqgT8TKwwkRw","4.9","47","https://maps.google.com/?cid=2058480021269120170","OPERATIONAL"
"Dental Care Group","+61 3 9509 1500","https://dentalcaregroup.com.au/","95 Wattletree Rd, Armadale VIC 3143, Australien","ChIJ7wr0Vt1p1moRxejr-HqLruk","4.8","97","https://maps.google.com/?cid=16838549417063344325","OPERATIONAL"
"D-Spa","+61 3 9826 6700","http://d-spa.com.au/","521/523 Chapel St, South Yarra VIC 3141, Australien","ChIJfdJB1ZxC1moRHtDoEOqqz2w","4.8","188","https://maps.google.com/?cid=7840673398558085150","OPERATIONAL"
"Hawthorn Road Family Dental Clinic","+61 3 9533 0996","http://www.familydentalclinic.com.au/","261 Hawthorn Rd, Caulfield North VIC 3161, Australien","ChIJQTF4zrxp1moR4rT3xjprVHk","4.4","86","https://maps.google.com/?cid=8742730676823373026","OPERATIONAL"
"818 Dental","+61 3 9509 1883","https://www.818dental.com.au/","818 High St, Armadale VIC 3143, Australien","ChIJHaKn7NBp1moRwaVPgC4s-cg","4.9","155","https://maps.google.com/?cid=14481654655019361729","OPERATIONAL"
"K1 Dental","+61 3 9827 2922","https://www.k1dental.com.au/","12 Carters Ave, Toorak VIC 3142, Australien","ChIJJZnFJ3xC1moR2xfpJ6GBUYg","4.7","243","https://maps.google.com/?cid=9822774791431067611","OPERATIONAL"
"Armadale Dental Care","+61 3 9500 1600","https://armadaledentalcare.com/","822 High St, Armadale VIC 3143, Australien","ChIJS14SltBp1moRrQfuh2YP8zU","4.9","233","https://maps.google.com/?cid=3887467836392474541","OPERATIONAL"
"High Dental Implants Melbourne","+61 3 9077 6363","https://www.highdentalimplantsmelbourne.com.au/","580 Glen Huntly Rd, Elsternwick VIC 3185, Australien","ChIJY3H6IN5p1moRQeXfIEm-oQU","4.9","433","https://maps.google.com/?cid=405814662733489473","OPERATIONAL"
"Caulfield South Dental Surgery","+61 3 9523 7530","https://www.caulfieldsouthdentalsurgery.com.au/","858 Glen Huntly Rd, Caulfield South VIC 3162, Australien","ChIJWTj5U6Bp1moRa8hyI2vKMXY","4.9","14","https://maps.google.com/?cid=8516810931839354987","OPERATIONAL"
"Central Dental Elsternwick","+61 3 9523 5067","http://www.centraldentalelsternwick.com.au/","74A Orrong Rd, Elsternwick VIC 3185, Australien","ChIJveKz-Ghp1moRrGiBUmu__6o","5","193","https://maps.google.com/?cid=12321777573175584940","OPERATIONAL"
"Cosmetic and Laser Dentistry Centre - Dentist Caulfield","+61 3 9500 2084","https://www.cldc.com.au/","236 Balaclava Rd, Caulfield North VIC 3161, Australien","ChIJ1dPFCL9p1moRCRhVrPFnRng","4.9","218","https://maps.google.com/?cid=8666728820597135369","OPERATIONAL"
"Next Smile Australia – All-on-4® Dental Implants Melbourne","+61 3 9826 1702","https://nextsmile.com.au/clinics/melbourne-super-clinic?utm_source=google&utm_medium=organic&utm_campaign=local_seo&utm_term=melbourne","455 Auburn Rd, Hawthorn VIC 3122, Australien","ChIJMY16toJC1moRZbtZc25u70o","4.9","327","https://maps.google.com/?cid=5399655898901232485","OPERATIONAL"
"With U Dental","+61 3 8820 1119","https://withudental.com.au/","2 Wills St, Hawthorn East VIC 3123, Australien","ChIJOVyZgYZB1moRR5A4kH16MYI","5","175","https://maps.google.com/?cid=9381414178498580551","OPERATIONAL"
"Pacific Smiles Dental Glen Iris","+61 3 9897 5800","https://www.pacificsmilesdental.com.au/locations/victoria/glen-iris/?utm_source=google_my_business&utm_medium=yext","766 Toorak Rd, Glen Iris VIC 3146, Australien","ChIJBZY9lgBD1moRizCvt2p-Xss","4.3","133","https://maps.google.com/?cid=14654289234323517579","OPERATIONAL"
"Tendler Dental","+61 3 9822 9766","https://tendlerdental.com.au/?utm_source=google_business_profile&utm_medium=organic","801 Toorak Rd, Hawthorn East VIC 3123, Australien","ChIJ31RHhB5C1moRweMfHCz9Atk","4.9","73","https://maps.google.com/?cid=15637339222076023745","OPERATIONAL"
"Victorian Dental Group","+61 3 9088 5808","https://www.victoriandentalgroup.com.au/","291 Wattletree Rd, Malvern East VIC 3145, Australien","ChIJRWex2Thp1moR7nb_Vm9FPLg","5","136","https://maps.google.com/?cid=13275562146084648686","OPERATIONAL"
"The Centre for Advanced Dentistry","+61 3 8525 3973","http://www.c4ad.com.au/","1064 Glen Huntly Rd, Glen Huntly VIC 3163, Australien","ChIJvcWZzhhp1moRfydCTp1juWo","5","50","https://maps.google.com/?cid=7690287365985806207","OPERATIONAL"
"DentalCare Carnegie","+61 3 9571 6667","https://dentalcarecarnegie.com.au/?utm_source=google&utm_medium=maps&utm_id=google+maps","1/61 Koornang Rd, Carnegie VIC 3163, Australien","ChIJnSlOgCNq1moRxOPdbd9F6ec","4.9","1911","https://maps.google.com/?cid=16710964718258217924","OPERATIONAL"
"Care Dental Camberwell","+61 3 9344 1650","https://www.caredentalcamberwell.com.au/?utm_campaign=GMB","257 Camberwell Rd, Camberwell VIC 3124, Australien","ChIJ_19n9YRB1moRQL2KFbwMURk","5","175","https://maps.google.com/?cid=1824253326016560448","OPERATIONAL"
"Gardiner Dental","+61 3 9885 7000","https://gardinerdental.com.au/","Suite 2/35-43 High St, Glen Iris VIC 3146, Australien","ChIJSxCl_uNB1moRRIq3ZP9t1j4","5","87","https://maps.google.com/?cid=4527927419041450564","OPERATIONAL"
"Camberwell Road Dental","+61 3 9078 5545","https://camberwellroaddental.com.au/","618 Camberwell Rd, Camberwell VIC 3124, Australien","ChIJd89tzo5B1moRADeYmZVtgMM","4.9","124","https://maps.google.com/?cid=14087380123709355776","OPERATIONAL"
"Malvern East Dental","+61 3 9571 3743","http://www.malverneastdental.com.au/","270 Waverley Rd, Malvern East VIC 3145, Australien","ChIJXc-_fBlq1moRvWsavGsE7dk","4.9","202","https://maps.google.com/?cid=15703212336474647485","OPERATIONAL"
"MHT Dentistry","+61 3 9813 8853","http://www.mhtdentistry.com.au/","185 Darling Rd, Malvern East VIC 3145, Australien","ChIJ90YXSw9q1moR5SJ7kMjmb4M","5","101","https://maps.google.com/?cid=9471042290475279077","OPERATIONAL"
"North Road Dental Clinic","+61 3 9578 5552","http://www.northdental.com.au/","687 North Rd, Carnegie VIC 3163, Australien","ChIJBQbet9Zr1moR6Nml77iHdVs","4.9","34","https://maps.google.com/?cid=6590322858090945000","OPERATIONAL"
"Camberwell Dental Centre","+61 3 9836 8270","https://www.camberwelldentalcentre.com.au/","639 Riversdale Rd, Camberwell VIC 3124, Australien","ChIJFUQDRqdB1moRJVlJGChuU3c","5","156","https://maps.google.com/?cid=8598337232065616165","OPERATIONAL"
"Malvern Family Dental & Implant Centre","+61 3 9509 1439","https://malvernfamilydental.com.au/","30 Burke Rd, Malvern East VIC 3145, Australien","ChIJ6bua3-lp1moRwQJYzmzs-ws","4.9","149","https://maps.google.com/?cid=863543705634079425","OPERATIONAL"
"Yarraville Dental","+61 3 9314 7712","https://www.yarravilledental.com.au/","64 Anderson St, Yarraville VIC 3013, Australien","ChIJdWaVQq1n1moRQtF-lQXO5oI","5","68","https://maps.google.com/?cid=9432452992952357186","OPERATIONAL"
"Williamstown Road Dental Surgery","+61 3 9314 3311","https://dentistwilliamstown.com.au/","200 Williamstown Rd, Yarraville VIC 3013, Australien","ChIJaxbCNE9n1moRwcpCG8uEYvM","5","257","https://maps.google.com/?cid=17537725906804722369","OPERATIONAL"
"Docklands Dental Studio","+61 3 9021 9487","https://www.docklandsdentalstudio.com.au/","57 Merchant St, Docklands VIC 3008, Australien","ChIJ5eFdsF5d1moRH4L1eE2bjLg","4.9","240","https://maps.google.com/?cid=13298174556762374687","OPERATIONAL"
"DENTAL4U YARRAVILLE DENTIST","+61 3 9687 7786","https://www.dental4u.com.au/","11 C, Murray St, Yarraville VIC 3013, Australien","ChIJIQXUtVxn1moRzr6H5SkEu18","4.7","33","https://maps.google.com/?cid=6898111832239095502","OPERATIONAL"
"Choice Dental Group","+61 3 9687 5779","http://choicedental.com.au/","37 Anderson St, Yarraville VIC 3013, Australien","ChIJYy18Q0Nn1moRqLo3hyXNl3Q","4.9","114","https://maps.google.com/?cid=8401409190949010088","OPERATIONAL"
"Kingsville Dental","+61 3 7044 5540","https://www.kingsvilledental.com.au/","194 Somerville Rd, Kingsville VIC 3012, Australien","ChIJM2DyiORn1moRvKOFaIxH4ro","5","31","https://maps.google.com/?cid=13466404504165786556","OPERATIONAL"
"Pacific Smiles Dental Melbourne","+61 3 8600 1600","https://www.pacificsmilesdental.com.au/locations/victoria/melbourne-cbd/?utm_source=google_my_business&utm_medium=yext","360 Bourke St, Melbourne VIC 3000, Australien","ChIJ3y3IF7VC1moRJ5bVFtMYhDE","4.5","346","https://maps.google.com/?cid=3568004099684537895","OPERATIONAL"
"The Affordable Dentist Melbourne","+61 1300 721 184","https://affordabledentistcbd.melbourne/?utm_source=GMB&utm_medium=GMBprofile&utm_campaign=GMBprofile","GL/350 Collins St, Melbourne VIC 3000, Australien","ChIJp79GigRD1moRTkHOLJIyzic","4.5","278","https://maps.google.com/?cid=2868285616079913294","OPERATIONAL"
"MC Dental Docklands","+61 3 8608 8970","https://www.mcdental.com.au/","10/677 La Trobe St, Docklands VIC 3008, Australien","ChIJG0cr_kRd1moRh3fRlBNJe6g","4.8","570","https://maps.google.com/?cid=12140377568957265799","OPERATIONAL"
"Smile Solutions - Dentist Melbourne","+61 3 9650 4920","https://www.smilesolutions.com.au/","Level 1, 220 Collins Street, Manchester Unity Building, Melbourne VIC 3000, Australien","ChIJ2f1s27VC1moRNptdlJ4AQJU","4.9","942","https://maps.google.com/?cid=10754596591254739766","OPERATIONAL"
"Australian Dentists Clinic","+61 3 9088 0257","https://dentistsclinic.com.au/locations/melbourne-cbd/index.html","Level 3/620 Bourke St, Melbourne VIC 3000, Australien","ChIJT4JW5U5d1moR5r5SAE7O8lk","4.8","1790","https://maps.google.com/?cid=6481469648147758822","OPERATIONAL"
"Happy Dentistry","+61 3 9663 3401","https://happy-dentistry.com.au/","Level 3/181 Swanston St, Melbourne VIC 3000, Australien","ChIJjUhjVblD1moRoJ_5XKMyb5g","4.9","376","https://maps.google.com/?cid=10984053693400850336","OPERATIONAL"
"Art De Dente - Dentist Melbourne CBD","+61 3 9125 6201","https://artdedente.com.au/","Level 17/190 Queen St, Melbourne VIC 3000, Australien","ChIJQ_ygSktd1moR-kZ3MP2-xFo","4.8","416","https://maps.google.com/?cid=6540562553497929466","OPERATIONAL"
"Dr. Leila Zamani Dental Practice","+61 3 9670 9020","https://www.dentist-melbourne-cbd.com.au/","Level 6/488 Bourke St, Melbourne VIC 3000, Australien","ChIJRUAwjktd1moRMO44aTDEUho","4.9","188","https://maps.google.com/?cid=1896794105279213104","OPERATIONAL"
"Southern Cross Smiles","+61 3 9670 0321","https://scsmiles.com.au/","717 Bourke St, Docklands VIC 3008, Australien","ChIJhXHWplpd1moR7p7NktsFQyI","4.8","212","https://maps.google.com/?cid=2468823461348089582","OPERATIONAL"
"nib Dental Care Centre Melbourne","+61 3 9679 8888","https://nibdental.com.au/locations/dentist-melbourne/?utm_source=google_my_business&utm_medium=yext","Level 1/356 Collins St, Melbourne VIC 3000, Australien","ChIJQ_val7RC1moRd7q9cJxUb58","4.3","277","https://maps.google.com/?cid=11488494205328538231","OPERATIONAL"
"Core Dental Southbank","+61 3 8547 0780","https://www.coredental.com.au/","55 City Rd, Southbank VIC 3006, Australien","ChIJwb08GbJC1moRh549dAm9I3E","5","131","https://maps.google.com/?cid=8152567598773280391","OPERATIONAL"
"Vogue Smiles","+61 3 9629 7664","https://www.drzenaidycastro.com.au/","1 Elizabeth St, Melbourne VIC 3000, Australien","ChIJ4Ui_iLNC1moRNor1Dvcyi7k","4.1","35","https://maps.google.com/?cid=13369835955468732982","OPERATIONAL"
"Collins Dental Image","+61 3 9650 6622","https://www.cdimage.com.au/?utm_source=GBP&utm_medium=organic","206/220 Collins St, Melbourne VIC 3000, Australien","ChIJBSb82bVC1moRKp4C_yFVdjM","5","197","https://maps.google.com/?cid=3708244947686825514","OPERATIONAL"
"Pinnacle Dental","+61 3 9052 4422","https://www.pinnacledentaldocklands.com.au/","401/100 Harbour Esplanade, Docklands VIC 3008, Australien","ChIJScJbxL1d1moRMBOhLgvZKvk","5","336","https://maps.google.com/?cid=17954401506516079408","OPERATIONAL"
"Dental On Flinders","+61 3 9041 0049","https://www.dentalonflinders.com.au/","Level 5, Suite 2/276 Flinders St, Melbourne VIC 3000, Australien","ChIJBx66CrRC1moRw0kCkDq3ioE","4.9","126","https://maps.google.com/?cid=9334474639830829507","OPERATIONAL"
"Dentist Melbourne Clinic","+61 3 9998 2636","https://www.dentistmelbourneclinic.com.au/index.php","302/620 Bourke St, Melbourne VIC 3000, Australien","ChIJH2ZDOKpd1moRA-UTVZQMVPE","4.8","328","https://maps.google.com/?cid=17389537892406387971","OPERATIONAL"
"Melbourne Dentist Clinic","+61 3 9999 9703","https://melbourne.dentist-clinic.com/","Neo200, 200 Spencer St, Melbourne VIC 3000, Australien","ChIJ-xuq-E5d1moREaBFOpcnvQo","4.8","488","https://maps.google.com/?cid=773818241448779793","OPERATIONAL"
"Bupa Dental 538 Collins St (formerly D-Spa - 538 Collins St)","+61 3 9090 1515","https://www.bupadental.com.au/find-a-dentist/vic-melbourne-3000-au/bupa-dental-538-collins-street","538 Collins St, Melbourne VIC 3000, Australien","ChIJuTN-MvJd1moR2ood202p9yE","4.8","134","https://maps.google.com/?cid=2447611074352876250","OPERATIONAL"
"Era Health CBD Dentist Melbourne","+61 3 9944 6200","https://www.erahealth.com.au/dentists-melbourne-cbd/","Level 9/460 Bourke St, Melbourne VIC 3000, Australien","ChIJqd8pFUxd1moRX-L_Josfwn8","4.7","45","https://maps.google.com/?cid=9205955270813934175","OPERATIONAL"
"Collins Street Specialist Centre","+61 3 9650 2726","http://www.collinsstreetspecialistcentre.com.au/","Level 8, 220 Collins Street Manchester Unity Building, Melbourne VIC 3000, Australien","ChIJ2f1s27VC1moRjaxk9dX824E","5","93","https://maps.google.com/?cid=9357350646667586701","OPERATIONAL"
"Dimos Dental & Facial Aesthetics","+61 3 9654 6667","https://www.dimosdental.com.au/","Level 7/379 Collins St, Melbourne VIC 3000, Australien","ChIJx7gpy7VC1moRLFaV4ogZpsw","4.9","58","https://maps.google.com/?cid=14746502105578952236","OPERATIONAL"
"Melbourne City Dental – Docklands Dentist Near Melbourne CBD","+61 3 9880 2040","https://melbournecitydental.com.au/","7 Village St, Docklands VIC 3008, Australien","ChIJW7XhiApd1moRq4_N8DQ7wSQ","5","1","https://maps.google.com/?cid=2648463154434903979","OPERATIONAL"
"Melbourne Wisdom Teeth","+61 3 9052 4411","https://www.melbournewisdomteeth.com.au/?utm_campaign=gmb","Exchange Tower, Level 1/530 Little Collins St, Melbourne VIC 3000, Australien","ChIJXT5lPRpD1moROEGGbu5h1G0","4.9","49","https://maps.google.com/?cid=7914058121881207096","OPERATIONAL"
"DENTL","+61 3 8820 1699","https://dentl.com.au/","Ground Floor/150 Jolimont Rd, East Melbourne VIC 3002, Australien","ChIJ40ok0cRC1moRScIO5ZNRcCM","5","254","https://maps.google.com/?cid=2553630684364063305","OPERATIONAL"
"City Smiles Dental Clinic","+61 3 9654 6979","https://citysmiles.com.au/","8/20 Collins St, Melbourne VIC 3000, Australien","ChIJz4YFMsZC1moRFBM_WXEYtL0","4.3","167","https://maps.google.com/?cid=13669577644083974932","OPERATIONAL"
"Dental Advance - Melbourne CBD","+61 3 9654 6978","","Suite 6, Level 5/20 Collins St, Melbourne VIC 3000, Australien","ChIJr6y4btdd1moRIZxQxgE-p38","5","65","https://maps.google.com/?cid=9198388941270588449","OPERATIONAL"
"Gorgeous Smiles Dentist Melbourne","+61 3 9042 0483","https://www.gorgeoussmiles.com.au/","121 Exhibition St, Melbourne VIC 3000, Australien","ChIJB9snLM9C1moR9TVmO47tvIo","4.9","1492","https://maps.google.com/?cid=9997126467993351669","OPERATIONAL"
"Collins Street Dental","+61 3 9654 5144","https://www.collinsstreetdental.net.au/?utm_source=gmb&utm_medium=organic","Alcaston House, Level 2/2 Collins St, Melbourne VIC 3000, Australien","ChIJy9o4RsZC1moRcn2G5mq53Oo","4.8","117","https://maps.google.com/?cid=16923605368536726898","OPERATIONAL"
"Kurrajong Dentists","+61 3 9650 3616","http://www.kurrajongdentists.com.au/","2/175 Collins St, Melbourne VIC 3000, Australien","ChIJEXhlsyJD1moRPOozHVdcyUI","5","73","https://maps.google.com/?cid=4812479206043937340","OPERATIONAL"
"DHCA - Dental Health Care Associates","+61 3 9650 2909","https://www.dentalhealth.com.au/","Level 4/175 Collins St, Melbourne VIC 3000, Australien","ChIJ-0nIFbZC1moRP5nYLdIJj_g","4.7","61","https://maps.google.com/?cid=17910545041392703807","OPERATIONAL"
"Dr David Brown","+61 3 9650 4020","","9/15 Collins St, Melbourne VIC 3000, Australien","ChIJz4YFMsZC1moRJp7MzXZZK70","4.9","22","https://maps.google.com/?cid=13631087063960690214","OPERATIONAL"
"Bridge Rd Dental","+61 3 9429 6020","https://www.bridgerddental.com.au/?UTM_source=GBL","352 Bridge Rd, Richmond VIC 3121, Australien","ChIJq6MCs_dC1moRtoLDHQkAU6c","4.7","183","https://maps.google.com/?cid=12056980666555007670","OPERATIONAL"
"Elevate Dental","+61 3 4059 9627","https://elevatedental.com.au/","161 Swan St, Richmond VIC 3121, Australien","ChIJV2hwFI1C1moRDg3MPWNQeOI","4.9","388","https://maps.google.com/?cid=16318881636945759502","OPERATIONAL"
"The Richmond Dentist","+61 3 9048 5055","http://www.therichmonddentist.com.au/","5 Dyer St, Richmond VIC 3121, Australien","ChIJmYBFjvdC1moRfRuFfIp2v8k","5","103","https://maps.google.com/?cid=14537468459341912957","OPERATIONAL"
"Maven Dental Collins Street","+61 3 9654 8977","https://mavendental.com.au/dentists/maven-dental-collins-street/?utm_source=googlebusiness&utm_medium=organic&utm_campaign=gmb","Level 1/100 Collins St, Melbourne VIC 3000, Australien","ChIJV0ADZB4R1moRM2hA8cqau0I","4.7","54","https://maps.google.com/?cid=4808607223569737779","OPERATIONAL"
"Dental One","+61 3 9113 9313","http://www.dental1.com.au/","Level 2/620 Victoria St, Richmond VIC 3121, Australien","ChIJP-zs2ZtD1moRqerKv6IdY9w","4.9","1497","https://maps.google.com/?cid=15880569295878154921","OPERATIONAL"
"Value Dental Centres Melbourne","+61 3 9063 1169","http://www.valuedentalcentres.com.au/","Tenancy 1/32-34 Burwood Rd, Hawthorn VIC 3122, Australien","ChIJ2SK6rB5D1moRJsBDvsEf73A","4.9","323","https://maps.google.com/?cid=8137757968663035942","OPERATIONAL"
"Women in Dentistry","+61 3 9650 2863","https://www.womenindentistry.com.au/","Floor 6/15 Collins St, Melbourne VIC 3000, Australien","ChIJodhbM8ZC1moRSpyMz-uYpYU","4.9","176","https://maps.google.com/?cid=9630271516768509002","OPERATIONAL"
"Hawthorn Dental Care - Dr Stuart A. Cran","+61 3 9818 8011","https://www.hawthorndental.com.au/","65 Linda Cres, Hawthorn VIC 3122, Australien","ChIJl1JwGTNC1moRG2nkdp8H8m8","4.3","6","https://maps.google.com/?cid=8066518264049854747","OPERATIONAL"
"Richmond Fine Dentistry","+61 3 9429 0011","https://www.richmondfinedentistry.com.au/","191 Lennox St, Richmond VIC 3121, Australien","ChIJ1WBr5vFC1moRJyhIBaGAGRM","4.9","96","https://maps.google.com/?cid=1376272590205102119","OPERATIONAL"
"Hawthorn East Dental","+61 3 9882 6606","https://www.hawthorneastdental.com.au/","22 Camberwell Rd, Hawthorn East VIC 3123, Australien","ChIJH2PDmipC1moRV87F7uKrDp0","4.9","122","https://maps.google.com/?cid=11317171904785534551","OPERATIONAL"
"Glenferrie Dental Hawthorn - Dental Implants and All on 4 Cosmetic Dentist","+61 3 9818 1930","https://glenferriedental.com.au/","Level 1/765 Glenferrie Rd, Hawthorn VIC 3122, Australien","ChIJM1oN3c1D1moRZtF3pctBfVo","4.9","259","https://maps.google.com/?cid=6520440178412605798","OPERATIONAL"
"CAMBERWELL JUNCTION DENTAL","+61 3 9882 1187","http://camberwelljunctiondental.com.au/","1/2 Prospect Hill Rd, Camberwell VIC 3124, Australien","ChIJ4YasAYNB1moRxGB3fnyfZOs","4.7","95","https://maps.google.com/?cid=16961857453630644420","OPERATIONAL"
"Camberwell Family Dental","+61 3 8592 9866","https://familydoctor.com.au/camberwellfamilydental/","Entry from rear car park (next to Woolworths, 4 Prospect Hill Rd, Camberwell VIC 3124, Australien","ChIJwVpJ_YJB1moRIZmgNc_DYrc","4.7","47","https://maps.google.com/?cid=13214339551383820577","OPERATIONAL"
"Malvern East Family Dental","+61 3 9571 3444","http://malverneastfamilydental.com.au/","1133 Dandenong Rd, Malvern East VIC 3145, Australien","ChIJ-aQItSJq1moRPCnStl0HHOU","4.9","73","https://maps.google.com/?cid=16509078433113975100","OPERATIONAL"
"Burke Road Dental Surgery","+61 3 9809 2418","http://www.burkeroaddental.com.au/","468 Burke Rd, Camberwell VIC 3124, Australien","ChIJ8bSFnYxB1moRIqCJdJpD9ng","5","28","https://maps.google.com/?cid=8716228459481374754","OPERATIONAL"
"Dr Tung Nguyen","+61 3 9689 8852","","66 Ryan St, Footscray VIC 3011, Australien","ChIJ7_2hd5Fd1moRw4MtXWxg-PE","4","8","https://maps.google.com/?cid=17435791975900873667","OPERATIONAL"
"Phung Tran Dental Group","+61 3 9689 1226","https://www.phungtrandentalgroup.com/","13 Leeds St, Footscray VIC 3011, Australien","ChIJk-MfjpFd1moRTWuXog8fDTQ","4.8","216","https://maps.google.com/?cid=3750688216682294093","OPERATIONAL"
"Genesis Dentists Melbourne","+61 3 7020 9166","https://genesisdentists.com.au/","Arden Gardens, Shop 2/168 Macaulay Rd, North Melbourne VIC 3051, Australien","ChIJY9OT_HsggWIRnMRmFDwQ2N4","4.9","337","https://maps.google.com/?cid=16057602321615864988","OPERATIONAL"
"Kensington Smiles - Dentist Kensington","+61 3 7302 8099","http://www.kensingtonsmiles.com.au/","421 Macaulay Rd, Kensington VIC 3031, Australien","ChIJ-WfbXRtd1moRx8kBYgl3lGE","5","59","https://maps.google.com/?cid=7031375800414882247","OPERATIONAL"
"SmileWorks Dental Kensington","+61 3 9605 3573","https://www.smileworksdentalkensington.com.au/?utm_campaign=gmb","481 Macaulay Rd, Kensington VIC 3031, Australien","ChIJRfV-rRFd1moRsFzKpod3igA","4.9","179","https://maps.google.com/?cid=38974971288640688","OPERATIONAL"
"Fine Smiles Dental","+61 3 9689 4477","https://www.finesmilesdental.com.au/","170/172 Barkly St, Footscray VIC 3011, Australien","ChIJP48_bpJd1moR7DTpHR3yFH4","4.8","243","https://maps.google.com/?cid=9085152555182929132","OPERATIONAL"
"Top Dentists Footscray","+61 3 9687 5050","http://topdentistsfootscray.com.au/","104 Nicholson St, Footscray VIC 3011, Australien","ChIJx6oBLZJd1moRs3DsuQhPhj0","4.9","97","https://maps.google.com/?cid=4433317782090444979","OPERATIONAL"
"Dr. Julie Quach","+61 3 9689 8602","http://www.jqdental.com.au/","135 Hopkins St, Footscray VIC 3011, Australien","ChIJd25kA5Jd1moRloN-YcTIPoU","4.6","21","https://maps.google.com/?cid=9601332201375302550","OPERATIONAL"
"Seddon Dental","+61 3 9687 7688","http://www.seddondental.com.au/","184 Victoria St, Seddon VIC 3011, Australien","ChIJ7TaKmvVd1moRWuYrvx8o2Jk","4.7","92","https://maps.google.com/?cid=11085654599588898394","OPERATIONAL"
"Focus On Dental","+61 3 9689 1014","https://focusondental.com.au/","Level 1/31 Paisley St, Footscray VIC 3011, Australien","ChIJUwXx741d1moRVtirSBQME_g","4.9","215","https://maps.google.com/?cid=17875644627221731414","OPERATIONAL"
"Flemington Dental Care","+61 3 9376 8043","http://www.flemingtonfamilydental.com.au/","415 Macaulay Rd, Kensington VIC 3031, Australien","ChIJZ8e04Ypc1moRZ39kv5RChWI","4.6","10","https://maps.google.com/?cid=7099153594253082471","OPERATIONAL"